Store_ID,District,Latitude,Longitude,Area_sqm,Monthly_Rent_mVND,Lease_Start,Lease_End,Foot_Traffic_per_day,Competitor_Count_500m,Sales_per_sqm_mVND,Occupancy_Rate,Status,Total_Sales_mVND,ROI,City_DaNang,City_HCMC,City_HaNoi,City_HaiPhong,Traffic_per_sqm,Rent_per_sqm,Lease_Term
S0260,7,10.843519,106.61341,90.6,97.21,11/14/2022,11/14/2027,2957,2,12.14,0.96,Active,1099.884,8.051611974,FALSE,TRUE,FALSE,FALSE,32.63796909,1.072958057,60.86666667
S0010,Son Tra,16.067479,108.171673,72,53.02,6/22/2025,6/22/2028,2529,4,11.72,0.86,Active,843.84,11.73240287,TRUE,FALSE,FALSE,FALSE,35.125,0.736388889,36.53333333
S0147,Ngu Hanh Son,16.062156,108.239642,85.8,51.66,10/31/2019,10/31/2025,1686,2,6.71,0.64,Potential,575.718,7.915493612,TRUE,FALSE,FALSE,FALSE,19.65034965,0.602097902,73.06666667
S0204,Ninh Kieu,10.034608,105.772035,85.6,47.95,3/18/2022,3/18/2025,1766,4,5.74,0.93,Active,491.344,7.197605839,FALSE,FALSE,FALSE,FALSE,20.63084112,0.560163551,36.53333333
S0145,Long Bien,21.049548,105.860498,100.8,105.12,12/10/2023,12/10/2027,2252,2,11.6,0.84,Potential,1169.28,7.898630137,FALSE,FALSE,TRUE,FALSE,22.34126984,1.042857143,48.7
S0093,Go Vap,10.801434,106.624279,70.5,97.74,2/9/2024,2/9/2029,2553,1,12.32,0.56,Potential,868.56,6.109146716,FALSE,TRUE,FALSE,FALSE,36.21276596,1.386382979,60.9
S0210,Binh Thuy,10.043165,105.756215,50.1,23.44,5/27/2024,5/27/2028,2494,1,12.23,0.97,Active,612.723,19.91204778,FALSE,FALSE,FALSE,FALSE,49.78043912,0.467864271,48.7
S0067,Binh Thanh,10.811996,106.620237,90.6,105.13,12/8/2021,12/8/2024,2828,5,11.59,0.95,Active,1050.054,6.990518406,FALSE,TRUE,FALSE,FALSE,31.21412804,1.160375276,36.53333333
S0091,Hoang Mai,21.024525,105.84074,79.5,109.83,8/20/2021,8/20/2025,2033,8,6.33,0.99,Active,503.235,2.665555859,FALSE,FALSE,TRUE,FALSE,25.57232704,1.381509434,48.7
S0143,Dong Da,21.02083,105.815179,114.9,130.39,7/6/2019,7/6/2021,1611,4,8.43,0.6,Potential,968.607,4.942829972,FALSE,FALSE,TRUE,FALSE,14.02088773,1.134812881,24.36666667
S0263,7,10.859049,106.597045,65.2,56.99,11/12/2021,11/12/2025,2289,6,13.13,0.83,Potential,856.076,11.01721004,FALSE,TRUE,FALSE,FALSE,35.10736196,0.874079755,48.7
S0269,Binh Thanh,10.801413,106.618534,105.4,112.72,12/6/2025,12/6/2030,3511,6,16.67,0.89,Active,1757.018,11.46996451,FALSE,TRUE,FALSE,FALSE,33.31119545,1.069449715,60.86666667
S0207,Hai Chau,16.018858,108.210224,56.3,27.29,6/22/2020,6/22/2022,1754,6,6.82,0.88,Active,383.966,10.25587395,TRUE,FALSE,FALSE,FALSE,31.15452931,0.484724689,24.33333333
S0239,Ba Dinh,21.004672,105.825878,75,72.91,1/31/2022,1/31/2028,2361,6,9.64,0.89,Active,723,6.933068166,FALSE,FALSE,TRUE,FALSE,31.48,0.972133333,73.03333333
S0047,Go Vap,10.831372,106.604831,135.1,218.28,5/25/2021,5/25/2026,2630,5,8.55,0.92,Active,1155.105,3.233479934,FALSE,TRUE,FALSE,FALSE,19.46706144,1.61569208,60.86666667
S0078,Cai Rang,10.040855,105.754824,108.1,52.63,9/17/2024,9/17/2029,1159,2,5.81,0.92,Active,628.061,8.546813604,FALSE,FALSE,FALSE,FALSE,10.72155412,0.486864015,60.86666667
S0069,5,10.820602,106.615174,32.6,41.38,2/21/2023,2/21/2029,2352,1,10.97,0.75,Potential,357.622,5.913910101,FALSE,TRUE,FALSE,FALSE,72.14723926,1.269325153,73.06666667
S0076,Go Vap,10.805739,106.657494,37.2,43.02,6/4/2022,6/4/2025,2438,4,10.34,0.98,Active,384.648,6.152914923,FALSE,TRUE,FALSE,FALSE,65.53763441,1.156451613,36.53333333
S0278,Binh Thanh,10.847873,106.625154,99.9,87.23,12/7/2023,12/7/2025,985,3,5.18,0.93,Active,517.482,3.745908518,FALSE,TRUE,FALSE,FALSE,9.85985986,0.873173173,24.36666667
S0112,Hoan Kiem,21.040967,105.834563,69.4,68.94,10/22/2023,10/22/2026,2316,5,8.97,0.92,Active,622.518,6.223881636,FALSE,FALSE,TRUE,FALSE,33.37175793,0.993371758,36.53333333
S0061,Cai Rang,10.037032,105.782957,77.2,69.07,10/8/2020,10/8/2025,1198,6,5.49,0.85,Active,423.828,3.908967714,FALSE,FALSE,FALSE,FALSE,15.51813472,0.894689119,60.86666667
S0218,1,10.861157,106.590511,62.6,79.61,7/10/2024,7/10/2026,1412,5,5.97,0.68,Potential,373.722,2.7555282,FALSE,TRUE,FALSE,FALSE,22.55591054,1.27172524,24.33333333
S0031,Tan Binh,10.82098,106.613539,86.4,131.24,12/17/2019,12/17/2024,830,2,2.66,0.61,Potential,229.824,0.400938738,FALSE,TRUE,FALSE,FALSE,9.606481481,1.518981481,60.9
S0023,Thanh Xuan,21.054105,105.826919,113.9,177.93,4/26/2023,4/26/2028,1913,4,4.53,0.92,Active,515.967,1.319865115,FALSE,FALSE,TRUE,FALSE,16.79543459,1.562159789,60.9
S0025,Ba Dinh,21.023705,105.846512,106.8,114.48,10/25/2022,10/25/2024,2310,3,11.39,0.99,Active,1216.452,7.500712788,FALSE,FALSE,TRUE,FALSE,21.62921348,1.071910112,24.36666667
S0128,Ngu Hanh Son,16.091085,108.146382,115.6,71.45,8/23/2025,8/23/2029,1079,6,4.56,0.7,Potential,527.136,4.902152554,TRUE,FALSE,FALSE,FALSE,9.333910035,0.618079585,48.7
S0080,10,10.82413,106.605904,69.5,82.22,3/20/2020,3/20/2026,2620,6,8.27,0.98,Active,574.765,4.592459256,FALSE,TRUE,FALSE,FALSE,37.69784173,1.183021583,73.03333333
S0265,Thu Duc,10.831125,106.620232,69.7,88.89,8/11/2024,8/11/2030,2502,4,8.72,0.89,Active,607.784,4.469987625,FALSE,TRUE,FALSE,FALSE,35.89670014,1.275322812,73.03333333
S0121,1,10.857363,106.641019,134,127.17,6/16/2025,6/16/2030,2876,7,11.58,0.63,Potential,1551.72,8.761547535,FALSE,TRUE,FALSE,FALSE,21.46268657,0.949029851,60.86666667
S0197,Dong Da,21.011092,105.823473,127.5,119.06,3/3/2024,3/3/2028,1680,4,8.93,0.88,Active,1138.575,6.650428355,FALSE,FALSE,TRUE,FALSE,13.17647059,0.933803922,48.7
S0246,3,10.827664,106.597886,101.8,146.77,6/16/2020,6/16/2026,3116,2,11.26,0.96,Active,1146.268,5.247968931,FALSE,TRUE,FALSE,FALSE,30.60903733,1.441748527,73.03333333
S0169,Binh Thanh,10.814554,106.631223,100.6,123.89,7/14/2023,7/14/2029,2731,6,12.18,0.94,Active,1225.308,6.912231819,FALSE,TRUE,FALSE,FALSE,27.1471173,1.231510934,73.06666667
S0007,Binh Thanh,10.858466,106.633309,67.4,71.89,10/8/2025,10/8/2029,2003,2,10.21,0.98,Active,688.154,6.657855056,FALSE,TRUE,FALSE,FALSE,29.71810089,1.066617211,48.7
S0240,Hoang Mai,21.038229,105.870612,60.8,65.2,9/12/2025,9/12/2031,2013,5,6.47,0.97,Active,393.376,3.826699387,FALSE,FALSE,TRUE,FALSE,33.10855263,1.072368421,73.03333333
S0074,Binh Thanh,10.844232,106.617434,46.2,55.4,10/13/2021,10/13/2025,2017,5,8.02,0.9,Active,370.524,4.350527076,FALSE,TRUE,FALSE,FALSE,43.65800866,1.199134199,48.7
S0098,Hoang Mai,21.056504,105.794694,60,68.96,11/14/2025,11/14/2031,2381,3,7.81,0.96,Active,468.6,4.436194896,FALSE,FALSE,TRUE,FALSE,39.68333333,1.149333333,73.03333333
S0148,Hoan Kiem,20.995842,105.824465,89,94.39,9/3/2020,9/3/2026,2501,4,11.98,0.88,Active,1066.22,8.036719992,FALSE,FALSE,TRUE,FALSE,28.1011236,1.060561798,73.03333333
S0020,Thu Duc,10.806791,106.661333,69.4,86.78,7/22/2025,7/22/2030,1986,5,7.72,0.65,Potential,535.768,3.939091957,FALSE,TRUE,FALSE,FALSE,28.6167147,1.250432277,60.86666667
S0087,Hai Ba Trung,20.985609,105.839755,114.9,130.65,2/22/2025,2/22/2027,2104,7,5.81,0.68,Potential,667.569,3.08767853,FALSE,FALSE,TRUE,FALSE,18.31157528,1.137075718,24.33333333
S0138,Go Vap,10.792713,106.63567,84.8,82.48,6/9/2022,6/9/2026,3137,4,12.96,0.85,Active,1099.008,9.659631426,FALSE,TRUE,FALSE,FALSE,36.99292453,0.972641509,48.7
S0006,7,10.787775,106.586722,49.5,55.48,2/23/2020,2/23/2022,2825,2,11.79,0.74,Potential,583.605,7.415356885,FALSE,TRUE,FALSE,FALSE,57.07070707,1.120808081,24.36666667
S0125,Hoan Kiem,21.011456,105.789145,37.7,37.14,6/30/2024,6/30/2026,2327,3,10.01,0.83,Potential,377.377,7.128745288,FALSE,FALSE,TRUE,FALSE,61.72413793,0.985145889,24.33333333
S0235,Long Bien,20.992267,105.826747,101.6,123.55,11/24/2025,11/24/2027,1868,1,8.91,0.89,Active,905.256,4.861633347,FALSE,FALSE,TRUE,FALSE,18.38582677,1.216043307,24.33333333
S0195,Thu Duc,10.832652,106.618439,86,95.49,5/7/2025,5/7/2028,2465,2,12.79,0.62,Potential,1099.94,8.215122002,FALSE,TRUE,FALSE,FALSE,28.6627907,1.110348837,36.53333333
S0173,O Mon,10.041943,105.734733,79.7,46.71,4/29/2019,4/29/2025,2231,1,8.26,0.9,Active,658.322,10.27505031,FALSE,FALSE,FALSE,FALSE,27.99247177,0.586072773,73.06666667
S0038,Hoan Kiem,21.057095,105.843793,48,69.54,10/4/2019,10/4/2021,2886,2,9.41,0.93,Active,451.68,4.196203624,FALSE,FALSE,TRUE,FALSE,60.125,1.44875,24.36666667
S0017,1,10.853368,106.647675,55,51.82,7/2/2023,7/2/2027,1999,6,7.68,0.55,Potential,422.4,5.52103435,FALSE,TRUE,FALSE,FALSE,36.34545455,0.942181818,48.7
S0213,Phu Nhuan,10.819849,106.637622,71.2,77.75,12/19/2021,12/19/2027,2111,9,7.32,0.98,Active,521.184,4.362664952,FALSE,TRUE,FALSE,FALSE,29.6488764,1.091994382,73.03333333
S0068,Son Tra,16.105362,108.166311,94.4,67.7,4/16/2025,4/16/2027,2303,3,12.94,0.65,Potential,1221.536,13.43469424,TRUE,FALSE,FALSE,FALSE,24.39618644,0.717161017,24.33333333
S0273,Hai Chau,16.050887,108.190537,67.7,44.28,12/13/2024,12/13/2030,1681,2,6.31,0.81,Potential,427.187,6.717922313,TRUE,FALSE,FALSE,FALSE,24.83013294,0.654062038,73.03333333
S0127,Thu Duc,10.82783,106.63155,94.8,87.56,11/27/2025,11/27/2031,1894,2,7.75,0.86,Active,734.7,5.71265418,FALSE,TRUE,FALSE,FALSE,19.97890295,0.923628692,73.03333333
S0140,Le Chan,20.81167,106.652318,100.3,77.86,6/5/2021,6/5/2026,1486,6,6.34,0.69,Potential,635.902,5.533799127,FALSE,FALSE,FALSE,TRUE,14.81555334,0.776271186,60.86666667
S0270,Lien Chieu,16.073769,108.221598,129.9,97.88,11/24/2023,11/24/2025,972,4,3.56,0.95,Active,462.444,2.779681242,TRUE,FALSE,FALSE,FALSE,7.482678984,0.753502694,24.36666667
S0194,Lien Chieu,16.011491,108.2336,107.3,55.13,3/16/2023,3/16/2028,1385,0,5.3,0.85,Active,568.69,7.252348993,TRUE,FALSE,FALSE,FALSE,12.90773532,0.513793103,60.9
S0196,3,10.779355,106.624203,106,101.19,12/13/2025,12/13/2028,1978,3,9.39,0.96,Active,995.34,6.869077972,FALSE,TRUE,FALSE,FALSE,18.66037736,0.954622642,36.53333333
S0209,Thu Duc,10.808623,106.630244,96.5,167.64,12/14/2024,12/14/2030,1612,5,4.11,0.83,Potential,396.615,0.89269864,FALSE,TRUE,FALSE,FALSE,16.70466321,1.737202073,73.03333333
S0083,Hoan Kiem,21.013723,105.801841,55.3,51.57,1/31/2023,1/31/2028,1988,6,7.58,0.87,Active,419.174,5.502602288,FALSE,FALSE,TRUE,FALSE,35.94936709,0.932549729,60.86666667
S0102,Binh Thanh,10.796513,106.664355,77.7,135.34,1/21/2025,1/21/2027,1262,4,4.51,0.96,Active,350.427,1.071387616,FALSE,TRUE,FALSE,FALSE,16.24195624,1.741827542,24.33333333
S0176,Ba Dinh,21.01542,105.830647,72.7,101.97,8/3/2024,8/3/2028,2406,5,6.7,0.88,Active,487.09,2.821437678,FALSE,FALSE,TRUE,FALSE,33.09491059,1.40261348,48.7
S0214,Binh Thanh,10.83442,106.636268,120,132.16,7/22/2025,7/22/2030,2532,2,11.26,0.91,Active,1351.2,7.179176755,FALSE,TRUE,FALSE,FALSE,21.1,1.101333333,60.86666667
S0039,Ninh Kieu,10.068354,105.718401,127.2,97.59,2/14/2022,2/14/2027,1333,2,5.55,0.98,Active,705.96,4.787150323,FALSE,FALSE,FALSE,FALSE,10.47955975,0.767216981,60.86666667
S0165,Binh Thuy,10.011462,105.700455,72.3,37.15,7/7/2024,7/7/2026,2511,4,11.14,0.62,Potential,805.422,16.34421534,FALSE,FALSE,FALSE,FALSE,34.73029046,0.513831259,24.33333333
S0094,Binh Thuy,10.030923,105.727899,83.6,58.87,7/17/2024,7/17/2029,1107,4,5.01,0.9,Active,418.836,4.691673178,FALSE,FALSE,FALSE,FALSE,13.24162679,0.704186603,60.86666667
S0256,Go Vap,10.781157,106.624731,87,74.28,10/6/2020,10/6/2024,2239,7,10.72,0.83,Potential,932.64,9.044588045,FALSE,TRUE,FALSE,FALSE,25.73563218,0.853793103,48.7
S0141,Tan Binh,10.794824,106.614251,75.8,81.02,2/16/2020,2/16/2023,2466,5,9.62,0.89,Active,729.196,6.200157986,FALSE,TRUE,FALSE,FALSE,32.53298153,1.068865435,36.53333333
S0032,Son Tra,16.062923,108.192369,136.1,110.76,6/9/2020,6/9/2025,1450,1,5.9,0.89,Active,802.99,4.799855544,TRUE,FALSE,FALSE,FALSE,10.65393093,0.813813373,60.86666667
S0079,Hoang Mai,21.022628,105.830042,109.4,95.27,4/17/2020,4/17/2024,2862,1,11.47,0.9,Active,1254.818,9.536941325,FALSE,FALSE,TRUE,FALSE,26.16087751,0.870840951,48.7
S0126,Binh Thanh,10.820553,106.599545,87,112.67,9/18/2020,9/18/2025,2213,3,10,0.62,Potential,870,5.177332032,FALSE,TRUE,FALSE,FALSE,25.43678161,1.295057471,60.86666667
S0116,Thu Duc,10.844854,106.60584,56.4,44.27,12/4/2022,12/4/2025,2265,3,13.37,0.8,Potential,754.068,12.62670883,FALSE,TRUE,FALSE,FALSE,40.15957447,0.784929078,36.53333333
S0159,10,10.816699,106.633452,112.1,116.53,12/4/2023,12/4/2025,2833,2,14.02,0.87,Active,1571.642,9.789612975,FALSE,TRUE,FALSE,FALSE,25.2720785,1.039518287,24.36666667
S0113,Binh Thuy,10.020158,105.725382,122.1,83.44,12/1/2021,12/1/2026,1253,2,6.3,0.97,Active,769.23,6.375167785,FALSE,FALSE,FALSE,FALSE,10.26208026,0.683374283,60.86666667
S0114,Go Vap,10.789901,106.609038,50.6,66.04,10/14/2022,10/14/2027,1085,2,4.36,0.86,Active,220.616,1.672513628,FALSE,TRUE,FALSE,FALSE,21.44268775,1.30513834,60.86666667
S0166,Thanh Xuan,21.056173,105.861034,67.6,78.51,8/8/2022,8/8/2024,2549,2,12.06,0.94,Active,815.256,7.307283149,FALSE,FALSE,TRUE,FALSE,37.70710059,1.161390533,24.36666667
S0105,7,10.848127,106.595295,91.8,113.61,5/15/2023,5/15/2029,2382,4,7.53,0.8,Potential,691.254,3.867557433,FALSE,TRUE,FALSE,FALSE,25.94771242,1.237581699,73.06666667
S0149,Hong Bang,20.862045,106.703875,48.8,29.87,4/30/2020,4/30/2026,1042,3,4.52,0.98,Active,220.576,4.907626381,FALSE,FALSE,FALSE,TRUE,21.35245902,0.612090164,73.03333333
S0153,Le Chan,20.828382,106.668632,93.3,94.21,12/19/2021,12/19/2023,1170,5,4.96,0.71,Potential,462.768,2.929672009,FALSE,FALSE,FALSE,TRUE,12.54019293,1.009753483,24.33333333
S0267,Go Vap,10.809458,106.621338,37.8,39.85,7/6/2022,7/6/2028,1842,4,9.25,0.89,Active,349.65,6.019322459,FALSE,TRUE,FALSE,FALSE,48.73015873,1.054232804,73.06666667
S0184,Binh Thuy,10.087964,105.791824,123.4,80.21,8/14/2021,8/14/2026,936,2,3.61,0.92,Active,445.474,3.443076923,FALSE,FALSE,FALSE,FALSE,7.585089141,0.65,60.86666667
S0228,7,10.810763,106.64161,103.3,168.22,9/7/2022,9/7/2025,2554,4,7.41,0.69,Potential,765.453,2.640247295,FALSE,TRUE,FALSE,FALSE,24.72410455,1.628460794,36.53333333
S0119,Ba Dinh,20.994574,105.797983,57.5,64.83,3/19/2024,3/19/2028,1982,8,8.33,0.9,Active,478.975,4.910535246,FALSE,FALSE,TRUE,FALSE,34.46956522,1.127478261,48.7
S0075,3,10.834765,106.658855,99.9,171.37,6/8/2019,6/8/2024,2712,2,8.15,0.86,Active,814.185,2.800828616,FALSE,TRUE,FALSE,FALSE,27.14714715,1.715415415,60.9
S0220,Thu Duc,10.807472,106.648325,25,29.09,8/2/2025,8/2/2028,1887,3,9.15,0.96,Active,228.75,5.290821588,FALSE,TRUE,FALSE,FALSE,75.48,1.1636,36.53333333
S0249,3,10.800903,106.641931,119.1,160.93,9/25/2020,9/25/2025,3184,1,12.63,0.94,Active,1504.233,6.477700864,FALSE,TRUE,FALSE,FALSE,26.73383711,1.351217464,60.86666667
S0180,Ngu Hanh Son,16.011605,108.197423,80.8,45.42,9/10/2024,9/10/2028,1797,3,6.77,0.72,Potential,547.016,8.634804051,TRUE,FALSE,FALSE,FALSE,22.24009901,0.562128713,48.7
S0133,Hai Ba Trung,21.016627,105.850018,31,30.24,10/17/2024,10/17/2027,2353,2,9.43,0.69,Potential,292.33,6.733597884,FALSE,FALSE,TRUE,FALSE,75.90322581,0.975483871,36.5
S0160,Hai Ba Trung,21.070576,105.799954,25,34.4,1/20/2022,1/20/2028,2355,2,10.21,0.71,Potential,255.25,4.936046512,FALSE,FALSE,TRUE,FALSE,94.2,1.376,73.03333333
S0186,Hoan Kiem,21.00032,105.871307,122.9,156.26,8/19/2024,8/19/2030,2561,7,8.12,0.86,Active,997.948,4.109166773,FALSE,FALSE,TRUE,FALSE,20.83807974,1.271440195,73.03333333
S0066,Hoan Kiem,21.027702,105.837406,61.7,74.86,10/1/2023,10/1/2027,2651,1,11.01,0.97,Active,679.317,6.259599252,FALSE,FALSE,TRUE,FALSE,42.96596434,1.213290113,48.7
S0168,Thanh Xuan,21.031377,105.823358,55,79.86,2/6/2024,2/6/2026,2615,9,8.34,0.88,Active,458.7,3.595041322,FALSE,FALSE,TRUE,FALSE,47.54545455,1.452,24.36666667
S0086,Cau Giay,21.06321,105.861257,70.6,64.86,4/2/2023,4/2/2026,645,0,3.62,0.99,Active,255.572,2.152291088,FALSE,FALSE,TRUE,FALSE,9.135977337,0.918696884,36.53333333
S0183,Hoang Mai,20.990013,105.888413,87.1,101.64,2/9/2024,2/9/2028,405,4,1.9,0.94,Active,165.49,0.302558048,FALSE,FALSE,TRUE,FALSE,4.649827784,1.166934558,48.7
S0029,Kien An,20.818659,106.679458,51.7,42.14,9/19/2025,9/19/2029,2466,5,10.01,0.91,Active,517.517,8.824717608,FALSE,FALSE,FALSE,TRUE,47.69825919,0.815087041,48.7
S0264,1,10.827158,106.57623,76.5,104.34,10/30/2023,10/30/2026,1214,5,5.44,0.93,Active,416.16,2.19079931,FALSE,TRUE,FALSE,FALSE,15.86928105,1.363921569,36.53333333
S0198,Hoan Kiem,21.062865,105.82227,97,106.99,3/24/2022,3/24/2028,1782,9,5.49,0.9,Active,532.53,2.981904851,FALSE,FALSE,TRUE,FALSE,18.37113402,1.102989691,73.06666667
S0187,3,10.835421,106.602498,38.4,60.6,2/13/2020,2/13/2026,2817,2,9.49,0.92,Active,364.416,3.810772277,FALSE,TRUE,FALSE,FALSE,73.359375,1.578125,73.06666667
S0137,Thu Duc,10.849509,106.66215,86.2,108.6,10/9/2023,10/9/2029,2399,8,8.56,0.95,Active,737.872,4.435521179,FALSE,TRUE,FALSE,FALSE,27.83062645,1.259860789,73.06666667
S0027,Le Chan,20.838462,106.71528,101.9,98.57,5/7/2022,5/7/2028,1767,7,7.75,0.98,Active,789.725,5.409455209,FALSE,FALSE,FALSE,TRUE,17.34052993,0.967320903,73.06666667
S0221,Ninh Kieu,10.052486,105.779425,112.2,68.94,11/26/2025,11/26/2030,2479,1,11.5,0.89,Active,1290.3,13.97302002,FALSE,FALSE,FALSE,FALSE,22.09447415,0.614438503,60.86666667
S0216,Thu Duc,10.782162,106.670605,72.8,64.49,11/3/2025,11/3/2028,2692,5,12.81,0.86,Active,932.568,10.56852845,FALSE,TRUE,FALSE,FALSE,36.97802198,0.885851648,36.53333333
S0099,Thu Duc,10.821756,106.578367,87.5,119.11,10/13/2020,10/13/2025,1521,3,6.69,0.95,Active,585.375,2.93165981,FALSE,TRUE,FALSE,FALSE,17.38285714,1.361257143,60.86666667
S0037,Cau Giay,21.052436,105.806385,70.1,64.31,1/30/2019,1/30/2021,2552,6,13.37,0.88,Active,937.237,10.65898927,FALSE,FALSE,TRUE,FALSE,36.40513552,0.917403709,24.36666667
S0062,Cam Le,16.052735,108.166324,104.4,68.67,11/10/2025,11/10/2031,1145,3,4.42,0.9,Active,461.448,4.375832241,TRUE,FALSE,FALSE,FALSE,10.96743295,0.657758621,73.03333333
S0151,Long Bien,21.045921,105.851584,79.3,89.73,8/7/2025,8/7/2030,2173,3,9.97,0.91,Active,790.621,6.048888889,FALSE,FALSE,TRUE,FALSE,27.40226986,1.131525851,60.86666667
S0200,Thanh Xuan,21.059051,105.817245,107.5,147.41,2/15/2024,2/15/2028,3213,4,11.79,0.86,Active,1267.425,5.878366461,FALSE,FALSE,TRUE,FALSE,29.88837209,1.371255814,48.7
S0224,Hoang Mai,21.022412,105.85226,111.7,100.76,6/19/2023,6/19/2027,2562,7,9.81,0.98,Active,1095.777,7.700095276,FALSE,FALSE,TRUE,FALSE,22.93643688,0.902059087,48.7
S0205,Hoang Mai,21.014461,105.803055,120.5,161.17,2/17/2021,2/17/2027,707,4,2.71,0.87,Active,326.555,0.620922008,FALSE,FALSE,TRUE,FALSE,5.867219917,1.337510373,73.03333333
S0012,Ninh Kieu,10.065945,105.763584,113.4,82.97,2/12/2022,2/12/2027,1027,2,5.49,0.88,Active,622.566,5.002805833,FALSE,FALSE,FALSE,FALSE,9.05643739,0.731657848,60.86666667
S0277,Son Tra,16.096652,108.196467,74.9,51.81,5/1/2025,5/1/2031,1553,2,5.7,0.98,Active,426.93,5.59224088,TRUE,FALSE,FALSE,FALSE,20.73431242,0.691722296,73.03333333
S0028,Dong Da,21.038442,105.82051,93.3,124.45,10/23/2020,10/23/2026,1750,3,5.59,0.74,Potential,521.547,2.352652471,FALSE,FALSE,TRUE,FALSE,18.75669882,1.333869239,73.03333333
S0276,3,10.817831,106.627427,90,99.52,7/16/2024,7/16/2029,2565,5,11.81,0.94,Active,1062.9,7.544212219,FALSE,TRUE,FALSE,FALSE,28.5,1.105777778,60.86666667
S0005,Hoan Kiem,20.997101,105.823272,47.3,56.05,9/28/2023,9/28/2027,2859,4,9.04,0.7,Potential,427.592,5.103008029,FALSE,FALSE,TRUE,FALSE,60.44397463,1.184989429,48.7
S0123,10,10.841855,106.651333,99.8,140.45,5/7/2025,5/7/2027,435,3,1.11,0.63,Potential,110.778,-0.369011036,FALSE,TRUE,FALSE,FALSE,4.358717435,1.407314629,24.33333333
S0033,Le Chan,20.818904,106.671471,137.2,115.13,12/1/2024,12/1/2030,2128,2,11.37,0.94,Active,1559.964,9.839669938,FALSE,FALSE,FALSE,TRUE,15.51020408,0.839139942,73.03333333
S0174,Cam Le,16.053286,108.187382,128.8,85.54,6/26/2022,6/26/2028,1769,1,8.19,0.89,Active,1054.872,8.865531915,TRUE,FALSE,FALSE,FALSE,13.73447205,0.664130435,73.06666667
S0163,Tan Binh,10.796525,106.614162,79.8,80.6,1/8/2022,1/8/2028,3466,6,18,0.95,Active,1436.4,13.25707196,FALSE,TRUE,FALSE,FALSE,43.43358396,1.010025063,73.03333333
S0139,7,10.804081,106.620329,51.4,78.26,5/4/2020,5/4/2026,1238,4,3.24,0.98,Active,166.536,0.702386915,FALSE,TRUE,FALSE,FALSE,24.08560311,1.522568093,73.03333333
S0136,Phu Nhuan,10.825238,106.610761,135.6,128.43,6/8/2022,6/8/2028,2204,1,13.35,0.88,Active,1810.26,10.27624387,FALSE,TRUE,FALSE,FALSE,16.25368732,0.947123894,73.06666667
S0279,Hai Ba Trung,21.03648,105.812408,114.7,125.45,8/19/2025,8/19/2027,3309,5,15.1,0.72,Potential,1731.97,10.04484655,FALSE,FALSE,TRUE,FALSE,28.84917175,1.093722755,24.33333333
S0233,5,10.847319,106.676897,60.1,64.49,11/24/2024,11/24/2026,2091,2,10.46,0.88,Active,628.646,6.798368739,FALSE,TRUE,FALSE,FALSE,34.79201331,1.073044925,24.33333333
S0071,1,10.835633,106.663446,110,143.95,5/10/2021,5/10/2024,462,3,1.9,0.97,Active,209,0.161514415,FALSE,TRUE,FALSE,FALSE,4.2,1.308636364,36.53333333
S0261,Tan Binh,10.805017,106.678121,51.8,65.68,11/28/2024,11/28/2028,2163,3,8.41,0.96,Active,435.638,4.306187576,FALSE,TRUE,FALSE,FALSE,41.75675676,1.267953668,48.7
S0045,7,10.832186,106.613464,99.8,95.5,12/21/2023,12/21/2029,2014,5,10.73,0.89,Active,1070.854,7.970504712,FALSE,TRUE,FALSE,FALSE,20.18036072,0.956913828,73.06666667
S0225,3,10.861923,106.629706,56.7,91.55,1/11/2020,1/11/2023,2655,8,6.63,0.72,Potential,375.921,2.284945931,FALSE,TRUE,FALSE,FALSE,46.82539683,1.614638448,36.53333333
S0157,Kien An,20.8628,106.683412,67.4,36.17,10/8/2023,10/8/2025,1815,0,6.61,0.77,Potential,445.514,8.853779375,FALSE,FALSE,FALSE,TRUE,26.92878338,0.536646884,24.36666667
S0124,Phu Nhuan,10.867949,106.645918,71.6,72.45,10/10/2019,10/10/2025,2713,5,10.34,0.86,Active,740.344,7.174951001,FALSE,TRUE,FALSE,FALSE,37.89106145,1.011871508,73.06666667
S0226,Hoan Kiem,21.023879,105.84261,64.1,62.67,9/28/2022,9/28/2025,2658,6,10.77,0.92,Active,690.357,7.81259933,FALSE,FALSE,TRUE,FALSE,41.46645866,0.977691108,36.53333333
S0154,5,10.827665,106.63181,65.4,88.07,10/3/2020,10/3/2022,1371,5,4.58,0.91,Active,299.532,1.720853866,FALSE,TRUE,FALSE,FALSE,20.96330275,1.346636086,24.33333333
S0024,Long Bien,21.041242,105.857948,97.3,83.71,3/16/2025,3/16/2027,2253,5,11.67,0.99,Active,1135.491,9.851664078,FALSE,FALSE,TRUE,FALSE,23.15519013,0.86032888,24.33333333
S0227,Kien An,20.867158,106.717058,114.6,109.91,10/9/2019,10/9/2025,1341,4,7.33,0.96,Active,840.018,5.114224365,FALSE,FALSE,FALSE,TRUE,11.70157068,0.959075044,73.06666667
S0082,Tan Binh,10.78967,106.615254,65.4,62.71,11/9/2021,11/9/2023,1401,8,7.5,0.97,Active,490.5,5.257375219,FALSE,TRUE,FALSE,FALSE,21.42201835,0.958868502,24.33333333
S0040,5,10.871455,106.591546,89.5,124.02,9/22/2021,9/22/2026,3786,5,11.85,0.83,Potential,1060.575,5.841315917,FALSE,TRUE,FALSE,FALSE,42.30167598,1.385698324,60.86666667
S0255,Hai Chau,16.043641,108.184428,90.9,42.31,12/12/2024,12/12/2027,2571,2,8.7,0.96,Active,790.83,13.95306074,TRUE,FALSE,FALSE,FALSE,28.28382838,0.465456546,36.5
S0095,1,10.822072,106.637533,88.2,103.03,10/8/2023,10/8/2026,1787,3,7.94,0.96,Active,700.308,4.43770164,FALSE,TRUE,FALSE,FALSE,20.26077098,1.16814059,36.53333333
S0251,10,10.824398,106.638079,82.5,87.68,10/24/2023,10/24/2029,1242,3,4.37,0.86,Active,360.525,2.289461679,FALSE,TRUE,FALSE,FALSE,15.05454545,1.062787879,73.06666667
S0202,Binh Thanh,10.865019,106.588463,89.6,107.55,4/24/2022,4/24/2024,2762,4,12.78,0.82,Potential,1145.088,7.517623431,FALSE,TRUE,FALSE,FALSE,30.82589286,1.200334821,24.36666667
S0044,Go Vap,10.833478,106.623003,108.4,88.04,9/25/2023,9/25/2026,2962,4,15.08,0.95,Active,1634.672,13.85390277,FALSE,TRUE,FALSE,FALSE,27.32472325,0.812177122,36.53333333
S0004,Cau Giay,21.073408,105.786539,59.8,70.23,6/21/2021,6/21/2026,1250,4,5.74,0.96,Active,343.252,2.91003275,FALSE,FALSE,TRUE,FALSE,20.90301003,1.174414716,60.86666667
S0106,Hong Bang,20.828461,106.682357,114.1,109.18,5/7/2024,5/7/2026,2354,2,8.2,0.57,Potential,935.62,5.855614581,FALSE,FALSE,FALSE,TRUE,20.63102542,0.95687993,24.33333333
S0134,Phu Nhuan,10.79372,106.60181,126.8,179.75,3/24/2025,3/24/2028,2135,3,7.92,0.88,Active,1004.256,3.469567733,FALSE,TRUE,FALSE,FALSE,16.83753943,1.417586751,36.53333333
S0002,3,10.819421,106.618211,59.7,66.12,8/15/2025,8/15/2030,2388,2,13.48,0.86,Active,804.756,8.736914701,FALSE,TRUE,FALSE,FALSE,40,1.107537688,60.86666667
S0104,Phu Nhuan,10.817724,106.640275,85.6,115.06,1/31/2025,1/31/2030,3047,3,9.42,0.92,Active,806.352,4.606480097,FALSE,TRUE,FALSE,FALSE,35.59579439,1.344158879,60.86666667
S0164,5,10.850125,106.674632,98.5,129.33,10/26/2024,10/26/2029,3065,3,11.35,0.88,Active,1117.975,5.915487513,FALSE,TRUE,FALSE,FALSE,31.11675127,1.312994924,60.86666667
S0081,Binh Thanh,10.826973,106.585308,124.6,136.71,10/19/2025,10/19/2031,2015,7,9.41,0.59,Potential,1172.486,5.861157194,FALSE,TRUE,FALSE,FALSE,16.1717496,1.097191011,73.03333333
S0035,Ngo Quyen,20.863132,106.73777,146.1,104.93,10/20/2024,10/20/2029,2571,1,11.43,0.89,Active,1669.923,11.73171066,FALSE,FALSE,FALSE,TRUE,17.59753593,0.718206708,60.86666667
S0252,Kien An,20.820314,106.684508,83,60.14,10/30/2025,10/30/2029,2017,1,11.16,0.86,Active,926.28,11.32164948,FALSE,FALSE,FALSE,TRUE,24.30120482,0.724578313,48.7
S0008,Cam Le,16.039657,108.255273,47,33.13,1/5/2025,1/5/2027,1584,2,7.35,0.99,Active,345.45,7.341684274,TRUE,FALSE,FALSE,FALSE,33.70212766,0.704893617,24.33333333
S0172,Thu Duc,10.791561,106.617613,93.6,127.37,3/25/2022,3/25/2027,2385,2,11.8,0.87,Active,1104.48,5.937143754,FALSE,TRUE,FALSE,FALSE,25.48076923,1.360790598,60.86666667
S0111,Kien An,20.845843,106.684076,78.6,64.18,6/2/2023,6/2/2029,501,4,2.13,0.92,Active,167.418,1.086855718,FALSE,FALSE,FALSE,TRUE,6.374045802,0.81653944,73.06666667
S0130,Go Vap,10.808906,106.615371,115.9,151.27,10/9/2022,10/9/2024,2007,3,8.8,0.64,Potential,1019.92,4.393904938,FALSE,TRUE,FALSE,FALSE,17.31665229,1.305176877,24.36666667
S0053,5,10.835942,106.615324,77.5,99.37,9/3/2025,9/3/2027,1717,5,6.5,0.91,Active,503.75,3.055549965,FALSE,TRUE,FALSE,FALSE,22.15483871,1.282193548,24.33333333
S0090,Dong Da,21.021418,105.817156,92,125.13,3/8/2022,3/8/2028,1644,7,5,0.98,Active,460,1.940941421,FALSE,FALSE,TRUE,FALSE,17.86956522,1.360108696,73.06666667
S0009,Hai An,20.830718,106.7013,130.1,78.86,3/11/2025,3/11/2029,758,0,2.7,0.94,Active,351.27,2.563479584,FALSE,FALSE,FALSE,TRUE,5.826287471,0.606149116,48.7
S0014,10,10.811989,106.623377,73.8,65.35,10/31/2025,10/31/2028,2713,7,15.3,0.89,Active,1129.14,12.82267789,FALSE,TRUE,FALSE,FALSE,36.76151762,0.885501355,36.53333333
S0060,10,10.819201,106.613089,54.3,80.68,11/30/2022,11/30/2024,2093,3,8.62,0.94,Active,468.066,3.641209717,FALSE,TRUE,FALSE,FALSE,38.54511971,1.485819521,24.36666667
S0089,Long Bien,21.077152,105.861708,51.3,57.9,12/17/2023,12/17/2026,1617,3,6.89,0.99,Active,353.457,3.883689119,FALSE,FALSE,TRUE,FALSE,31.52046784,1.128654971,36.53333333
S0132,10,10.83167,106.584749,98.5,123.2,2/19/2022,2/19/2028,2174,2,6.57,0.79,Potential,647.145,3.20224026,FALSE,TRUE,FALSE,FALSE,22.07106599,1.250761421,73.03333333
S0018,Tan Binh,10.855123,106.64838,61.8,78.69,5/20/2021,5/20/2026,2164,2,7.88,0.92,Active,486.984,3.95091117,FALSE,TRUE,FALSE,FALSE,35.01618123,1.273300971,60.86666667
S0167,Cai Rang,10.026312,105.790922,83.3,74.06,7/22/2024,7/22/2028,1986,4,8.2,0.87,Active,683.06,6.378449905,FALSE,FALSE,FALSE,FALSE,23.84153661,0.88907563,48.7
S0073,Le Chan,20.871621,106.709878,135.3,125.83,12/26/2020,12/26/2025,1872,3,7.32,0.85,Active,990.396,5.296724152,FALSE,FALSE,FALSE,TRUE,13.83592018,0.930007391,60.86666667
S0275,10,10.78884,106.644133,104.1,166.39,12/11/2020,12/11/2026,2506,5,6.47,0.97,Active,673.527,2.238305187,FALSE,TRUE,FALSE,FALSE,24.07300672,1.598366955,73.03333333
S0250,3,10.809316,106.669403,85.1,109.4,3/28/2025,3/28/2029,2691,0,13.6,0.95,Active,1157.36,7.463327239,FALSE,TRUE,FALSE,FALSE,31.62162162,1.285546416,48.7
S0268,Phu Nhuan,10.831375,106.682899,104.5,147.09,3/31/2022,3/31/2024,1533,3,4.01,0.88,Active,419.045,1.279121626,FALSE,TRUE,FALSE,FALSE,14.66985646,1.407559809,24.36666667
S0064,3,10.792727,106.622137,89.9,126.69,1/20/2022,1/20/2026,1562,3,6.71,0.95,Active,603.229,2.80916568,FALSE,TRUE,FALSE,FALSE,17.37486096,1.409232481,48.7
S0244,Binh Thanh,10.844868,106.657684,76.7,69.6,3/14/2023,3/14/2026,2856,4,18,0.95,Active,1380.6,14.86896552,FALSE,TRUE,FALSE,FALSE,37.23598435,0.907431551,36.53333333
S0051,1,10.848563,106.654149,113.2,148.17,7/8/2022,7/8/2024,2151,1,8.11,0.95,Active,918.052,3.956749679,FALSE,TRUE,FALSE,FALSE,19.00176678,1.308922261,24.36666667
S0262,Phu Nhuan,10.819227,106.603675,94.9,127.98,2/1/2019,2/1/2022,2358,6,7.81,0.93,Active,741.169,3.633030161,FALSE,TRUE,FALSE,FALSE,24.84720759,1.34857745,36.53333333
S0015,Cau Giay,21.057583,105.835076,120.9,146.67,3/8/2024,3/8/2029,2204,2,6.73,0.93,Active,813.657,3.438028227,FALSE,FALSE,TRUE,FALSE,18.2299421,1.213151365,60.86666667
S0170,Hai Chau,16.049554,108.221072,86.6,72.86,8/20/2023,8/20/2025,1805,4,8.49,0.89,Active,735.234,7.072841065,TRUE,FALSE,FALSE,FALSE,20.84295612,0.841339492,24.36666667
S0059,Tan Binh,10.833256,106.605917,111.8,121.44,10/28/2019,10/28/2025,1584,5,7.39,0.9,Active,826.202,4.442700922,FALSE,TRUE,FALSE,FALSE,14.16815742,1.086225403,73.06666667
